what,kind,bundleId,bundleVersion,description,time
stopped,bundle,org.eclipse.equinox.p2.ui,1.0.101.R35x_v20090819,"org.eclipse.equinox.p2.ui",1378922423199
stopped,bundle,org.eclipse.equinox.security.ui,1.0.100.v20090520-1800,"org.eclipse.equinox.security.ui",1378922423199
stopped,bundle,org.eclipse.cdt,6.0.2.201002161416,"org.eclipse.cdt",1378922423199
stopped,bundle,org.eclipse.cdt.doc.user,5.1.0.201002161416,"org.eclipse.cdt.doc.user",1378922423199
stopped,bundle,org.eclipse.ui.cheatsheets,3.3.200.v20090526,"org.eclipse.ui.cheatsheets",1378922423199
stopped,bundle,org.eclipse.help.ui,3.4.1.v20090819_35x,"org.eclipse.help.ui",1378922423199
stopped,bundle,org.eclipse.jsch.ui,1.1.200.r35x_20100210-1114,"org.eclipse.jsch.ui",1378922423199
stopped,bundle,org.eclipse.mylyn.monitor.ui,3.2.3.v20100217-0100-e3x,"org.eclipse.mylyn.monitor.ui",1378922423206
stopped,bundle,org.eclipse.ui.browser,3.2.301.v20091215_35x,"org.eclipse.ui.browser",1378922423207
stopped,bundle,org.eclipse.ui.views.log,1.0.100.v20090731,"org.eclipse.ui.views.log",1378922423207
stopped,bundle,org.eclipse.cdt.managedbuilder.core.tests,5.0.100.201002161416,"org.eclipse.cdt.managedbuilder.core.tests",1378922423207
stopped,bundle,org.eclipse.cdt.core.tests,5.1.2.201002161416,"org.eclipse.cdt.core.tests",1378922423207
stopped,bundle,org.eclipse.cdt.debug.ui.tests,6.0.0.201002161416,"org.eclipse.cdt.debug.ui.tests",1378922423207
stopped,bundle,org.eclipse.emf.edit.ui,2.5.0.v200906151043,"org.eclipse.emf.edit.ui",1378922423207
stopped,bundle,org.eclipse.emf.common.ui,2.5.0.v200906151043,"org.eclipse.emf.common.ui",1378922423207
stopped,bundle,org.eclipse.wst.ws.explorer,1.0.408.v200911241806,"org.eclipse.wst.ws.explorer",1378922423207
stopped,bundle,org.eclipse.wst.ws.ui,1.1.100.v200903112221,"org.eclipse.wst.ws.ui",1378922423207
stopped,bundle,org.eclipse.wst.command.env.ui,1.1.2.v200811200248,"org.eclipse.wst.command.env.ui",1378922423207
stopped,bundle,org.eclipse.wst.validation.ui,1.2.104.v200904232035,"org.eclipse.wst.validation.ui",1378922423207
stopped,bundle,org.eclipse.wst.common.frameworks.ui,1.1.301.v200908101600,"org.eclipse.wst.common.frameworks.ui",1378922423207
stopped,bundle,org.eclipse.wst.common.project.facet.ui,1.4.1.v200908111817,"org.eclipse.wst.common.project.facet.ui",1378922423207
stopped,bundle,org.eclipse.wst.internet.monitor.ui,1.0.305.v20100123,"org.eclipse.wst.internet.monitor.ui",1378922423207
stopped,bundle,org.eclipse.wst.xsl.jaxp.launching,1.0.0.v200904240436,"org.eclipse.wst.xsl.jaxp.launching",1378922423207
stopped,bundle,org.eclipse.wst.xsl.launching,1.0.0.v200904241348,"org.eclipse.wst.xsl.launching",1378922423207
stopped,bundle,net.sourceforge.phpeclipse.webbrowser,1.2.3.200910091456PRD,"net.sourceforge.phpeclipse.webbrowser",1378922423207
activated,perspective,org.eclipse.ui.ide.application,,"org.eclipse.ui.resourcePerspective",1378985368146
started,bundle,org.eclipse.osgi,3.5.2.R35x_v20100126,"org.eclipse.osgi",1378985368147
started,bundle,org.eclipse.equinox.simpleconfigurator,1.0.101.R35x_v20090807-1100,"org.eclipse.equinox.simpleconfigurator",1378985368147
started,bundle,com.ibm.icu,4.0.1.v20090822,"com.ibm.icu",1378985368147
started,bundle,org.eclipse.compare,3.5.2.r35x_20100113-0800,"org.eclipse.compare",1378985368147
started,bundle,org.eclipse.compare.core,3.5.0.I20090430-0408,"org.eclipse.compare.core",1378985368147
started,bundle,org.eclipse.core.contenttype,3.4.1.R35x_v20090826-0451,"org.eclipse.core.contenttype",1378985368147
started,bundle,org.eclipse.core.databinding.observable,1.2.0.M20090902-0800,"org.eclipse.core.databinding.observable",1378985368147
started,bundle,org.eclipse.core.expressions,3.4.101.R35x_v20100209,"org.eclipse.core.expressions",1378985368147
started,bundle,org.eclipse.core.filebuffers,3.5.0.v20090526-2000,"org.eclipse.core.filebuffers",1378985368147
started,bundle,org.eclipse.core.filesystem,1.2.1.R35x_v20091203-1235,"org.eclipse.core.filesystem",1378985368147
started,bundle,org.eclipse.core.jobs,3.4.100.v20090429-1800,"org.eclipse.core.jobs",1378985368147
started,bundle,org.eclipse.core.net,1.2.1.r35x_20090812-1200,"org.eclipse.core.net",1378985368147
started,bundle,org.eclipse.core.resources,3.5.2.R35x_v20091203-1235,"org.eclipse.core.resources",1378985368147
started,bundle,org.eclipse.core.runtime,3.5.0.v20090525,"org.eclipse.core.runtime",1378985368147
started,bundle,org.eclipse.core.runtime.compatibility,3.2.0.v20090413,"org.eclipse.core.runtime.compatibility",1378985368147
started,bundle,org.eclipse.core.runtime.compatibility.auth,3.2.100.v20090413,"org.eclipse.core.runtime.compatibility.auth",1378985368147
started,bundle,org.eclipse.core.variables,3.2.200.v20090521,"org.eclipse.core.variables",1378985368147
started,bundle,org.eclipse.debug.core,3.5.1.v20091103_r352,"org.eclipse.debug.core",1378985368147
started,bundle,org.eclipse.debug.ui,3.5.2.v20091028_r352,"org.eclipse.debug.ui",1378985368147
started,bundle,org.eclipse.ecf,3.0.0.v20090831-1906,"org.eclipse.ecf",1378985368148
started,bundle,org.eclipse.ecf.filetransfer,3.0.0.v20090831-1906,"org.eclipse.ecf.filetransfer",1378985368148
started,bundle,org.eclipse.ecf.identity,3.0.0.v20090831-1906,"org.eclipse.ecf.identity",1378985368148
started,bundle,org.eclipse.ecf.provider.filetransfer,3.0.1.v20090831-1906,"org.eclipse.ecf.provider.filetransfer",1378985368148
started,bundle,org.eclipse.ecf.provider.filetransfer.httpclient,3.0.1.v20090831-1906,"org.eclipse.ecf.provider.filetransfer.httpclient",1378985368148
started,bundle,org.eclipse.equinox.app,1.2.1.R35x_v20091203,"org.eclipse.equinox.app",1378985368148
started,bundle,org.eclipse.equinox.common,3.5.1.R35x_v20090807-1100,"org.eclipse.equinox.common",1378985368148
started,bundle,org.eclipse.equinox.ds,1.1.1.R35x_v20090806,"org.eclipse.equinox.ds",1378985368148
started,bundle,org.eclipse.equinox.frameworkadmin,1.0.100.v20090520-1905,"org.eclipse.equinox.frameworkadmin",1378985368148
started,bundle,org.eclipse.equinox.frameworkadmin.equinox,1.0.101.R35x_v20091214,"org.eclipse.equinox.frameworkadmin.equinox",1378985368148
started,bundle,org.eclipse.equinox.p2.core,1.0.101.R35x_v20090819,"org.eclipse.equinox.p2.core",1378985368148
started,bundle,org.eclipse.equinox.p2.director,1.0.101.R35x_v20100112,"org.eclipse.equinox.p2.director",1378985368148
started,bundle,org.eclipse.equinox.p2.directorywatcher,1.0.100.v20090525,"org.eclipse.equinox.p2.directorywatcher",1378985368148
started,bundle,org.eclipse.equinox.p2.engine,1.0.102.R35x_v20091117,"org.eclipse.equinox.p2.engine",1378985368148
started,bundle,org.eclipse.equinox.p2.exemplarysetup,1.0.100.v20090520-1905,"org.eclipse.equinox.p2.exemplarysetup",1378985368148
started,bundle,org.eclipse.equinox.p2.garbagecollector,1.0.100.v20090520-1905,"org.eclipse.equinox.p2.garbagecollector",1378985368148
started,bundle,org.eclipse.equinox.p2.metadata.repository,1.0.101.R35x_v20090812,"org.eclipse.equinox.p2.metadata.repository",1378985368148
started,bundle,org.eclipse.equinox.p2.reconciler.dropins,1.0.100.v20090520-1905,"org.eclipse.equinox.p2.reconciler.dropins",1378985368148
started,bundle,org.eclipse.equinox.p2.repository,1.0.1.R35x_v20100105,"org.eclipse.equinox.p2.repository",1378985368148
started,bundle,org.eclipse.equinox.p2.ui.sdk.scheduler,1.0.0.v20090520-1905,"org.eclipse.equinox.p2.ui.sdk.scheduler",1378985368148
started,bundle,org.eclipse.equinox.p2.updatechecker,1.1.0.v20090520-1905,"org.eclipse.equinox.p2.updatechecker",1378985368149
started,bundle,org.eclipse.equinox.preferences,3.2.301.R35x_v20091117,"org.eclipse.equinox.preferences",1378985368149
started,bundle,org.eclipse.equinox.registry,3.4.100.v20090520-1800,"org.eclipse.equinox.registry",1378985368150
started,bundle,org.eclipse.equinox.security,1.0.100.v20090520-1800,"org.eclipse.equinox.security",1378985368150
started,bundle,org.eclipse.equinox.simpleconfigurator.manipulator,1.0.101.R35x_v20100209,"org.eclipse.equinox.simpleconfigurator.manipulator",1378985368150
started,bundle,org.eclipse.equinox.util,1.0.100.v20090520-1800,"org.eclipse.equinox.util",1378985368150
started,bundle,org.eclipse.help,3.4.1.v20090805_35x,"org.eclipse.help",1378985368150
started,bundle,org.eclipse.jdt.apt.core,3.3.202.R35x_v20091130-2300,"org.eclipse.jdt.apt.core",1378985368150
started,bundle,org.eclipse.jdt.apt.pluggable.core,1.0.201.R35x_v20090925-1100,"org.eclipse.jdt.apt.pluggable.core",1378985368150
started,bundle,org.eclipse.jdt.core,3.5.2.v_981_R35x,"org.eclipse.jdt.core",1378985368150
started,bundle,org.eclipse.jdt.core.manipulation,1.3.0.v20090603,"org.eclipse.jdt.core.manipulation",1378985368150
started,bundle,org.eclipse.jdt.launching,3.5.1.v20100108_r352,"org.eclipse.jdt.launching",1378985368150
started,bundle,org.eclipse.jdt.ui,3.5.2.r352_v20100106-0800,"org.eclipse.jdt.ui",1378985368150
started,bundle,org.eclipse.jface,3.5.2.M20100120-0800,"org.eclipse.jface",1378985368150
started,bundle,org.eclipse.jsch.core,1.1.100.I20090430-0408,"org.eclipse.jsch.core",1378985368150
started,bundle,org.eclipse.ltk.core.refactoring,3.5.0.v20090513-2000,"org.eclipse.ltk.core.refactoring",1378985368150
started,bundle,org.eclipse.ltk.ui.refactoring,3.4.101.r352_v20100209,"org.eclipse.ltk.ui.refactoring",1378985368150
started,bundle,org.eclipse.team.core,3.5.1.r35x_20100113-0800,"org.eclipse.team.core",1378985368150
started,bundle,org.eclipse.team.cvs.core,3.3.200.I20090430-0408,"org.eclipse.team.cvs.core",1378985368150
started,bundle,org.eclipse.team.cvs.ui,3.3.202.r35x_20090930-0800,"org.eclipse.team.cvs.ui",1378985368150
started,bundle,org.eclipse.team.ui,3.5.0.I20090430-0408,"org.eclipse.team.ui",1378985368150
started,bundle,org.eclipse.ui,3.5.2.M20100120-0800,"org.eclipse.ui",1378985368150
started,bundle,org.eclipse.ui.console,3.4.0.v20090513,"org.eclipse.ui.console",1378985368150
started,bundle,org.eclipse.ui.editors,3.5.0.v20090527-2000,"org.eclipse.ui.editors",1378985368150
started,bundle,org.eclipse.ui.forms,3.4.1.v20090714_35x,"org.eclipse.ui.forms",1378985368150
started,bundle,org.eclipse.ui.ide,3.5.2.M20100113-0800,"org.eclipse.ui.ide",1378985368150
started,bundle,org.eclipse.ui.navigator,3.4.2.M20100120-0800,"org.eclipse.ui.navigator",1378985368150
started,bundle,org.eclipse.ui.navigator.resources,3.4.1.M20090826-0800,"org.eclipse.ui.navigator.resources",1378985368150
started,bundle,org.eclipse.ui.net,1.2.1.r35x_20090812-1200,"org.eclipse.ui.net",1378985368150
started,bundle,org.eclipse.ui.views,3.4.1.M20090826-0800,"org.eclipse.ui.views",1378985368150
started,bundle,org.eclipse.ui.workbench,3.5.2.M20100113-0800,"org.eclipse.ui.workbench",1378985368151
started,bundle,org.eclipse.ui.workbench.texteditor,3.5.1.r352_v20100105,"org.eclipse.ui.workbench.texteditor",1378985368151
started,bundle,org.eclipse.update.configurator,3.3.0.v20090312,"org.eclipse.update.configurator",1378985368151
started,bundle,org.eclipse.update.core,3.2.300.v20090525,"org.eclipse.update.core",1378985368151
started,bundle,org.eclipse.update.scheduler,3.2.200.v20081127,"org.eclipse.update.scheduler",1378985368151
started,bundle,org.eclipse.cdt.core,5.1.2.201002161416,"org.eclipse.cdt.core",1378985368151
started,bundle,org.eclipse.cdt.core.tests,5.1.2.201002161416,"org.eclipse.cdt.core.tests",1378985368151
started,bundle,org.eclipse.cdt.make.ui,6.0.1.201002161416,"org.eclipse.cdt.make.ui",1378985368151
started,bundle,org.eclipse.cdt.ui,5.1.2.201002161416,"org.eclipse.cdt.ui",1378985368151
started,bundle,org.eclipse.cdt.ui.tests,5.1.0.201002161416,"org.eclipse.cdt.ui.tests",1378985368152
started,bundle,org.eclipse.mylyn.commons.net,3.2.0.v20090617-0100-e3x,"org.eclipse.mylyn.commons.net",1378985368152
started,bundle,org.eclipse.mylyn.commons.ui,3.2.3.v20100217-0100-e3x,"org.eclipse.mylyn.commons.ui",1378985368152
started,bundle,org.eclipse.mylyn.context.core,3.2.3.v20100217-0100-e3x,"org.eclipse.mylyn.context.core",1378985368152
started,bundle,org.eclipse.mylyn.context.ui,3.2.3.v20100217-0100-e3x,"org.eclipse.mylyn.context.ui",1378985368152
started,bundle,org.eclipse.mylyn.monitor.ui,3.2.3.v20100217-0100-e3x,"org.eclipse.mylyn.monitor.ui",1378985368152
started,bundle,org.eclipse.mylyn.tasks.ui,3.2.3.v20100217-0100-e3x,"org.eclipse.mylyn.tasks.ui",1378985368152
started,bundle,org.eclipse.rse.core,3.1.1.v200909160005,"org.eclipse.rse.core",1378985368152
started,bundle,org.eclipse.rse.services,3.1.1.v200909160005,"org.eclipse.rse.services",1378985368152
started,bundle,org.eclipse.rse.ui,3.1.1.v200909160005,"org.eclipse.rse.ui",1378985368152
started,bundle,org.eclipse.dltk.core,1.0.2.v20100209-1928,"org.eclipse.dltk.core",1378985368152
started,bundle,org.eclipse.dltk.launching,1.0.1.v20090910-1601,"org.eclipse.dltk.launching",1378985368152
started,bundle,org.eclipse.dltk.rse.ui,1.0.0.v20090610-1638,"org.eclipse.dltk.rse.ui",1378985368152
started,bundle,org.eclipse.dltk.ui,1.0.2.v20100209-1928,"org.eclipse.dltk.ui",1378985368152
started,bundle,org.eclipse.epp.usagedata.gathering,1.1.1.R201001291118,"org.eclipse.epp.usagedata.gathering",1378985368152
started,bundle,org.eclipse.epp.usagedata.recording,1.1.1.R201001291118,"org.eclipse.epp.usagedata.recording",1378985368152
started,bundle,org.eclipse.mylyn.bugzilla.core,3.2.3.v20100217-0100-e3x,"org.eclipse.mylyn.bugzilla.core",1378985368152
started,bundle,org.eclipse.mylyn.bugzilla.ui,3.2.3.v20100217-0100-e3x,"org.eclipse.mylyn.bugzilla.ui",1378985368152
started,bundle,org.eclipse.mylyn.team.ui,3.2.3.v20100217-0100-e3x,"org.eclipse.mylyn.team.ui",1378985368152
started,bundle,org.eclipse.php.core,2.1.1.v20090921-1100,"org.eclipse.php.core",1378985368152
started,bundle,org.eclipse.php.debug.core,2.1.1.v20090921-1100,"org.eclipse.php.debug.core",1378985368152
started,bundle,org.eclipse.php.debug.daemon,2.1.1.v20090707-1108,"org.eclipse.php.debug.daemon",1378985368152
started,bundle,org.eclipse.php.server.core,2.1.1.v20090707-1108,"org.eclipse.php.server.core",1378985368152
started,bundle,org.eclipse.wst.jsdt.core,1.0.201.v2010012803,"org.eclipse.wst.jsdt.core",1378985368152
started,bundle,org.eclipse.wst.jsdt.manipulation,1.0.100.v200809240707,"org.eclipse.wst.jsdt.manipulation",1378985368152
started,bundle,org.eclipse.wst.jsdt.ui,1.0.201.v2010012803,"org.eclipse.wst.jsdt.ui",1378985368152
started,bundle,org.eclipse.wst.ws.service.policy.ui,1.0.102.v200903070248,"org.eclipse.wst.ws.service.policy.ui",1378985368152
started,bundle,org.epic.perleditor,0.5.38,"org.epic.perleditor",1378985368152
started,bundle,net.sourceforge.phpeclipse,1.2.3.200910091456PRD,"net.sourceforge.phpeclipse",1378985368152
started,bundle,org.eclipse.contribution.weaving.jdt,2.1.0.e35x-20100615-0800,"org.eclipse.contribution.weaving.jdt",1378985368152
started,bundle,org.eclipse.equinox.weaving.caching,1.0.0.v20100108,"org.eclipse.equinox.weaving.caching",1378985368152
started,bundle,org.eclipse.equinox.weaving.caching.j9,1.0.0.v20100108,"org.eclipse.equinox.weaving.caching.j9",1378985368152
started,bundle,org.eclipse.team.svn.core,0.7.9.I20100512-1900,"org.eclipse.team.svn.core",1378985368152
started,bundle,org.eclipse.team.svn.mylyn,0.7.9.I20100512-1900,"org.eclipse.team.svn.mylyn",1378985368152
started,bundle,org.eclipse.team.svn.ui,0.7.9.I20100512-1900,"org.eclipse.team.svn.ui",1378985368152
started,bundle,org.polarion.eclipse.team.svn.connector.javahl15,2.2.2.I20100512-1900,"org.polarion.eclipse.team.svn.connector.javahl15",1378985368152
started,bundle,com.collabnet.subversion.merge,2.0.1,"com.collabnet.subversion.merge",1378985368152
started,bundle,org.tigris.subversion.clientadapter,1.6.10,"org.tigris.subversion.clientadapter",1378985368152
started,bundle,org.tigris.subversion.subclipse.core,1.6.10,"org.tigris.subversion.subclipse.core",1378985368152
started,bundle,org.tigris.subversion.subclipse.mylyn,3.0.0,"org.tigris.subversion.subclipse.mylyn",1378985368152
started,bundle,org.tigris.subversion.subclipse.ui,1.6.10,"org.tigris.subversion.subclipse.ui",1378985368152
started,bundle,com.google.appengine.eclipse.core,1.3.2.v201003242055,"com.google.appengine.eclipse.core",1378985368152
started,bundle,com.google.gdt.eclipse.core,1.3.2.v201003242055,"com.google.gdt.eclipse.core",1378985368152
started,bundle,com.google.gdt.eclipse.platform.shared,1.3.2.v201003242055,"com.google.gdt.eclipse.platform.shared",1378985368152
started,bundle,com.google.gdt.eclipse.suite,1.3.2.v201003242055,"com.google.gdt.eclipse.suite",1378985368152
started,bundle,com.google.gwt.eclipse.core,1.3.2.v201003242055,"com.google.gwt.eclipse.core",1378985368152
started,bundle,org.eclipse.ecf.docshare,2.1.0.v20090916-2238,"org.eclipse.ecf.docshare",1378985368152
started,bundle,com.python.pydev.analysis,1.6.1.2010080312,"com.python.pydev.analysis",1378985368152
started,bundle,org.python.pydev,1.6.1.2010080312,"org.python.pydev",1378985368152
started,bundle,org.python.pydev.core,1.6.1.2010080312,"org.python.pydev.core",1378985368152
os,sysinfo,,,"solaris",1378985368157
arch,sysinfo,,,"sparc",1378985368157
ws,sysinfo,,,"gtk",1378985368157
locale,sysinfo,,,"sv_SE",1378985368157
processors,sysinfo,,,"8",1378985368157
java.runtime.name,sysinfo,,,"Java(TM) SE Runtime Environment",1378985368157
java.runtime.version,sysinfo,,,"1.6.0_51-b11",1378985368157
java.specification.name,sysinfo,,,"Java Platform API Specification",1378985368157
java.specification.vendor,sysinfo,,,"Sun Microsystems Inc.",1378985368157
java.specification.version,sysinfo,,,"1.6",1378985368157
java.vendor,sysinfo,,,"Sun Microsystems Inc.",1378985368157
java.version,sysinfo,,,"1.6.0_51",1378985368157
java.vm.info,sysinfo,,,"mixed mode, sharing",1378985368157
java.vm.name,sysinfo,,,"Java HotSpot(TM) Client VM",1378985368157
java.vm.specification.name,sysinfo,,,"Java Virtual Machine Specification",1378985368157
java.vm.specification.vendor,sysinfo,,,"Sun Microsystems Inc.",1378985368157
java.vm.specification.version,sysinfo,,,"1.0",1378985368157
java.vm.vendor,sysinfo,,,"Sun Microsystems Inc.",1378985368157
java.vm.version,sysinfo,,,"20.51-b01",1378985368157
started,bundle,org.eclipse.team.svn.revision.graph,0.7.9.I20100512-1900,"org.eclipse.team.svn.revision.graph",1378985368228
started,bundle,org.polarion.eclipse.team.svn.connector.javahl16,2.2.2.I20100512-1900,"org.polarion.eclipse.team.svn.connector.javahl16",1378985368370
started,bundle,org.polarion.eclipse.team.svn.connector.svnkit15,2.2.2.I20100512-1900,"org.polarion.eclipse.team.svn.connector.svnkit15",1378985368393
started,bundle,org.polarion.eclipse.team.svn.connector.svnkit16,2.2.2.I20100512-1900,"org.polarion.eclipse.team.svn.connector.svnkit16",1378985368420
deactivated,workbench,org.eclipse.ui.workbench,3.5.2.M20100113-0800,"",1378985388539
activated,workbench,org.eclipse.ui.workbench,3.5.2.M20100113-0800,"",1378985523688
activated,view,org.eclipse.ui.navigator.resources,3.4.1.M20090826-0800,"org.eclipse.ui.navigator.ProjectExplorer",1378985524210
deactivated,workbench,org.eclipse.ui.workbench,3.5.2.M20100113-0800,"",1378985531865
executed,command,org.eclipse.ui,3.5.2.M20100120-0800,"org.eclipse.ui.file.import",1378985547695
activated,workbench,org.eclipse.ui.workbench,3.5.2.M20100113-0800,"",1378985547716
started,bundle,com.google.gdt.eclipse.platform.e35,1.3.2.v201003242055,"com.google.gdt.eclipse.platform.e35",1378985547945
started,bundle,org.tigris.subversion.clientadapter.javahl,1.6.9.3,"org.tigris.subversion.clientadapter.javahl",1378985548290
started,bundle,org.tigris.subversion.clientadapter.svnkit,1.6.10,"org.tigris.subversion.clientadapter.svnkit",1378985548293
deactivated,workbench,org.eclipse.ui.workbench,3.5.2.M20100113-0800,"",1378985553035
activated,workbench,org.eclipse.ui.workbench,3.5.2.M20100113-0800,"",1378985556166
started,bundle,org.tmatesoft.svnkit,1.3.2.6267,"org.tmatesoft.svnkit",1378985556403
error,log,,,"Anslutningstiden har gått ut",1378985556777
activated,editor,org.eclipse.jdt.ui,3.5.2.r352_v20100106-0800,"org.eclipse.jdt.ui.CompilationUnitEditor",1378985556830
started,bundle,org.eclipse.wst.sse.core,1.1.402.v201001251516,"org.eclipse.wst.sse.core",1378985557350
started,bundle,org.eclipse.wst.html.core,1.1.300.v200903120608,"org.eclipse.wst.html.core",1378985558195
activated,view,org.eclipse.ui.ide,3.5.2.M20100113-0800,"org.eclipse.ui.views.TaskList",1378985588720
activated,editor,org.eclipse.jdt.ui,3.5.2.r352_v20100106-0800,"org.eclipse.jdt.ui.CompilationUnitEditor",1378985588755
closed,view,org.eclipse.ui.ide,3.5.2.M20100113-0800,"org.eclipse.ui.views.TaskList",1378985588773
activated,view,org.eclipse.cdt.ui.tests,5.1.0.201002161416,"org.eclipse.cdt.ui.tests.DOMAST.DOMAST",1378985590994
activated,editor,org.eclipse.jdt.ui,3.5.2.r352_v20100106-0800,"org.eclipse.jdt.ui.CompilationUnitEditor",1378985591027
closed,view,org.eclipse.cdt.ui.tests,5.1.0.201002161416,"org.eclipse.cdt.ui.tests.DOMAST.DOMAST",1378985591048
executed,command,org.eclipse.ui.workbench.texteditor,3.5.1.r352_v20100105,"org.eclipse.ui.edit.text.goto.lineEnd",1378985609865
executed,command,org.eclipse.ui,3.5.2.M20100120-0800,"org.eclipse.ui.file.save",1378985611643
activated,view,org.eclipse.ui.navigator.resources,3.4.1.M20090826-0800,"org.eclipse.ui.navigator.ProjectExplorer",1378985618136
activated,editor,org.eclipse.jdt.ui,3.5.2.r352_v20100106-0800,"org.eclipse.jdt.ui.CompilationUnitEditor",1378985619829
opened,editor,org.eclipse.jdt.ui,3.5.2.r352_v20100106-0800,"org.eclipse.jdt.ui.CompilationUnitEditor",1378985621071
activated,editor,org.eclipse.jdt.ui,3.5.2.r352_v20100106-0800,"org.eclipse.jdt.ui.CompilationUnitEditor",1378985621418
closed,editor,org.eclipse.jdt.ui,3.5.2.r352_v20100106-0800,"org.eclipse.jdt.ui.CompilationUnitEditor",1378985621419
executed,command,org.eclipse.ui,3.5.2.M20100120-0800,"org.eclipse.ui.file.close",1378985621440
opened,editor,org.eclipse.jdt.ui,3.5.2.r352_v20100106-0800,"org.eclipse.jdt.ui.CompilationUnitEditor",1378985622121
activated,editor,org.eclipse.jdt.ui,3.5.2.r352_v20100106-0800,"org.eclipse.jdt.ui.CompilationUnitEditor",1378985622229
closed,editor,org.eclipse.jdt.ui,3.5.2.r352_v20100106-0800,"org.eclipse.jdt.ui.CompilationUnitEditor",1378985622229
executed,command,org.eclipse.ui,3.5.2.M20100120-0800,"org.eclipse.ui.file.close",1378985622244
opened,editor,org.eclipse.jdt.ui,3.5.2.r352_v20100106-0800,"org.eclipse.jdt.ui.CompilationUnitEditor",1378985622325
activated,editor,org.eclipse.jdt.ui,3.5.2.r352_v20100106-0800,"org.eclipse.jdt.ui.CompilationUnitEditor",1378985622430
closed,editor,org.eclipse.jdt.ui,3.5.2.r352_v20100106-0800,"org.eclipse.jdt.ui.CompilationUnitEditor",1378985622430
executed,command,org.eclipse.ui,3.5.2.M20100120-0800,"org.eclipse.ui.file.close",1378985622441
opened,editor,org.eclipse.jdt.ui,3.5.2.r352_v20100106-0800,"org.eclipse.jdt.ui.CompilationUnitEditor",1378985622523
activated,editor,org.eclipse.jdt.ui,3.5.2.r352_v20100106-0800,"org.eclipse.jdt.ui.CompilationUnitEditor",1378985622790
closed,editor,org.eclipse.jdt.ui,3.5.2.r352_v20100106-0800,"org.eclipse.jdt.ui.CompilationUnitEditor",1378985622790
executed,command,org.eclipse.ui,3.5.2.M20100120-0800,"org.eclipse.ui.file.close",1378985622801
opened,editor,org.eclipse.jdt.ui,3.5.2.r352_v20100106-0800,"org.eclipse.jdt.ui.CompilationUnitEditor",1378985622891
activated,editor,org.eclipse.jdt.ui,3.5.2.r352_v20100106-0800,"org.eclipse.jdt.ui.CompilationUnitEditor",1378985622992
closed,editor,org.eclipse.jdt.ui,3.5.2.r352_v20100106-0800,"org.eclipse.jdt.ui.CompilationUnitEditor",1378985622992
executed,command,org.eclipse.ui,3.5.2.M20100120-0800,"org.eclipse.ui.file.close",1378985623000
opened,editor,org.eclipse.jdt.ui,3.5.2.r352_v20100106-0800,"org.eclipse.jdt.ui.CompilationUnitEditor",1378985623079
activated,editor,org.eclipse.jdt.ui,3.5.2.r352_v20100106-0800,"org.eclipse.jdt.ui.CompilationUnitEditor",1378985623186
closed,editor,org.eclipse.jdt.ui,3.5.2.r352_v20100106-0800,"org.eclipse.jdt.ui.CompilationUnitEditor",1378985623186
executed,command,org.eclipse.ui,3.5.2.M20100120-0800,"org.eclipse.ui.file.close",1378985623201
activated,view,org.eclipse.ui.navigator.resources,3.4.1.M20090826-0800,"org.eclipse.ui.navigator.ProjectExplorer",1378985623286
closed,editor,org.eclipse.jdt.ui,3.5.2.r352_v20100106-0800,"org.eclipse.jdt.ui.CompilationUnitEditor",1378985623286
executed,command,org.eclipse.ui,3.5.2.M20100120-0800,"org.eclipse.ui.file.close",1378985623301
opened,editor,org.eclipse.jdt.ui,3.5.2.r352_v20100106-0800,"org.eclipse.jdt.ui.CompilationUnitEditor",1378985635225
activated,editor,org.eclipse.jdt.ui,3.5.2.r352_v20100106-0800,"org.eclipse.jdt.ui.CompilationUnitEditor",1378985635357
activated,view,org.eclipse.ui.navigator.resources,3.4.1.M20090826-0800,"org.eclipse.ui.navigator.ProjectExplorer",1378985635427
activated,editor,org.eclipse.jdt.ui,3.5.2.r352_v20100106-0800,"org.eclipse.jdt.ui.CompilationUnitEditor",1378985636063
started,bundle,org.eclipse.ecf.presence,2.0.0.v20090916-2238,"org.eclipse.ecf.presence",1378985748789
started,bundle,org.eclipse.ecf.presence.ui,2.0.0.v20090916-2238,"org.eclipse.ecf.presence.ui",1378985748789
deactivated,workbench,org.eclipse.ui.workbench,3.5.2.M20100113-0800,"",1378985761771
activated,workbench,org.eclipse.ui.workbench,3.5.2.M20100113-0800,"",1378985771960
activated,view,org.eclipse.ui.navigator.resources,3.4.1.M20090826-0800,"org.eclipse.ui.navigator.ProjectExplorer",1378986086078
opened,editor,org.eclipse.jdt.ui,3.5.2.r352_v20100106-0800,"org.eclipse.jdt.ui.CompilationUnitEditor",1378986086239
activated,editor,org.eclipse.jdt.ui,3.5.2.r352_v20100106-0800,"org.eclipse.jdt.ui.CompilationUnitEditor",1378986086362
started,bundle,org.eclipse.jdt.junit,3.5.2.r352_v20100113-0800,"org.eclipse.jdt.junit",1378986086683
started,bundle,org.eclipse.wst.server.core,1.1.102.v20100123,"org.eclipse.wst.server.core",1378986094192
started,bundle,org.eclipse.wst.server.ui,1.1.103.v20100123,"org.eclipse.wst.server.ui",1378986094251
started,bundle,org.eclipse.jdt.debug,3.5.0.v20090526,"org.eclipse.jdt.debug",1378986094345
started,bundle,org.eclipse.jdt.debug.ui,3.4.1.v20090811_r351,"org.eclipse.jdt.debug.ui",1378986094496
started,bundle,org.aspectj.ajde,1.6.9.20100611161800,"org.aspectj.ajde",1378986094583
started,bundle,org.eclipse.ajdt.core,2.1.0.e35x-20100615-0800,"org.eclipse.ajdt.core",1378986094672
started,bundle,org.eclipse.ajdt.ui,2.1.0.e35x-20100615-0800,"org.eclipse.ajdt.ui",1378986094773
started,bundle,org.eclipse.search,3.5.1.r351_v20090708-0800,"org.eclipse.search",1378986094815
